,sum_sq,df,F,PR(>F)
C(provider),830.9305648063239,3.0,2333.5272525029654,0.0
Residual,7893.065682689516,66499.0,,
