,sum_sq,df,F,PR(>F)
C(provider),2923.547541108483,3.0,5212.38432145321,0.0
Residual,13618.097861685874,72839.0,,
