provider,count,mean,std,min,25%,50%,75%,max
AWS,17346.0,0.631137,0.810615,0.015547,0.224,0.512,0.72075,13.117266
Azure,25345.0,0.13253,0.087907,0.01,0.049,0.129,0.194,0.961
GCP,17565.0,0.451929,0.306727,0.09962,0.26282,0.30772,0.59362,1.46756
Huawei,12587.0,0.232824,0.172027,0.01837,0.154,0.2285,0.252,4.089
