,sum_sq,df,F,PR(>F)
C(provider),84.96144092386362,3.0,961.2853589029546,0.0
Residual,2266.291614152563,76925.0,,
